Type,Name,Request Count,Failure Count,Median Response Time,Average Response Time,Min Response Time,Max Response Time,Average Content Size,Requests/s,Failures/s,50%,66%,75%,80%,90%,95%,98%,99%,99.9%,99.99%,100%
POST,/api/models/insurance_charges_model/prediction,147,0,12,13.205243503401109,11.254000000000985,21.378707999999968,19.61904761904762,1.8778705117987127,0.0,12,13,14,15,16,18,19,20,21,21,21
,Aggregated,147,0,12,13.205243503401109,11.254000000000985,21.378707999999968,19.61904761904762,1.8778705117987127,0.0,12,13,14,15,16,18,19,20,21,21,21
