Type,Name,Request Count,Failure Count,Median Response Time,Average Response Time,Min Response Time,Max Response Time,Average Content Size,Requests/s,Failures/s,50%,66%,75%,80%,90%,95%,98%,99%,99.9%,99.99%,100%
POST,/api/models/insurance_charges_model/prediction,28,0,70,73.34698510714279,41.763875000000894,168.80795800000004,19.642857142857142,1.0322081463965713,0.0,70,71,72,74,120,130,170,170,170,170,170
,Aggregated,28,0,70,73.34698510714279,41.763875000000894,168.80795800000004,19.642857142857142,1.0322081463965713,0.0,70,71,72,74,120,130,170,170,170,170,170
